{
  "mean": {
    "beta_positions": 20.988371280614068,
    "aatype": 0.04761904761904707,
    "seq_length": 195.8719114649054,
    "neff": 8.666909314513997,
    "sec_structure_mask": 1.0,
    "pseudo_bias": 2.283756778150715e-08,
    "target_similarity": 0.18592418585358977,
    "resolution": 1.8713144534098523,
    "cluster_counts": 480.65857728759306,
    "omega_angles": 22.93143593262663,
    "solv_surf": 0.2776914400665715,
    "log_profile_with_prior": -4.297310988010644,
    "num_effective_alignments": 401.04143843714127,
    "alpha_mask": 0.9799455304640875,
    "beta_mask": 0.9793515604196043,
    "profile_mask": 0.9546288191973757,
    "psi_angles": 37.187367416442854,
    "non_gapped_profile": 0.047619047774822336,
    "alpha_positions": 21.038507683356656,
    "num_alignments": 603.7733514261852,
    "profile_with_prior_without_gaps": 0.04758653107673784,
    "solv_surf_mask": 0.8523019954337655,
    "position_std": 0.120966693199587,
    "pseudo_frob": -0.0018578831008467234,
    "profile_with_prior": 0.0402798576535697,
    "sec_structure": 0.125,
    "hmm_profile": 0.15321208897213956,
    "phi_mask": 0.9748933746011101,
    "phi_angles": -74.58972448875326,
    "hhblits_profile": 0.04545454554014782,
    "mutual_information": 0.00980166440260296,
    "deletion_matrix": 0.07424452606362571,
    "log_profile_with_prior_without_gaps": -3.869770002884591,
    "secstruct_boundaries_mask": 0.14833071771880738,
    "neff_mask": 0.0,
    "deletion_probability": 0.014776272809231153,
    "hhblits_profile_mask": 1.0,
    "reweighted_profile": 0.04545454550559367,
    "psi_mask": 0.9748884635029013,
    "gap_matrix": 0.12582915189940322,
    "pseudolikelihood": 9.321304052326884e-11,
    "target_similarity_mask": 0.0,
    "num_effective_alignments_mask": 0.0,
    "profile": -1.7153965116842058,
    "omega_mask": 0.973354290990208
  },
  "min": {
    "beta_positions": -503.07000732421875,
    "aatype": 0.0,
    "seq_length": 11,
    "neff": 1.0,
    "sec_structure_mask": 1,
    "pseudo_bias": null,
    "target_similarity": 0.0,
    "resolution": 0,
    "cluster_counts": 1,
    "omega_angles": -180.0,
    "solv_surf": 0.0,
    "log_profile_with_prior": -12.051715453050692,
    "num_effective_alignments": 1.0,
    "alpha_mask": 0,
    "beta_mask": 0,
    "profile_mask": 0,
    "psi_angles": -179.99978637695312,
    "non_gapped_profile": 0.0,
    "alpha_positions": -502.1180114746094,
    "num_alignments": 1,
    "profile_with_prior_without_gaps": 1.6791022062534466e-05,
    "solv_surf_mask": 0,
    "position_std": 0.0,
    "pseudo_frob": -3.284498691558838,
    "profile_with_prior": 5.834538114868337e-06,
    "sec_structure": 0,
    "hmm_profile": 0.0,
    "phi_mask": 0,
    "phi_angles": -179.9979705810547,
    "hhblits_profile": 0.0,
    "mutual_information": -0.5317651629447937,
    "deletion_matrix": 0.0,
    "log_profile_with_prior_without_gaps": -10.994666215437805,
    "secstruct_boundaries_mask": 0,
    "neff_mask": 0,
    "deletion_probability": 0.0,
    "hhblits_profile_mask": 1,
    "reweighted_profile": 0.0,
    "psi_mask": 0,
    "gap_matrix": 0.0,
    "pseudolikelihood": null,
    "target_similarity_mask": 0,
    "num_effective_alignments_mask": 0,
    "profile": -15.109999656677246,
    "omega_mask": 0
  },
  "max": {
    "beta_positions": 841.9959716796875,
    "aatype": 1.0,
    "seq_length": 512,
    "neff": 13.234700202941895,
    "sec_structure_mask": 1,
    "pseudo_bias": null,
    "target_similarity": 1.0,
    "resolution": 4.0,
    "cluster_counts": 28783,
    "omega_angles": 180.0,
    "solv_surf": 2.1785714626312256,
    "log_profile_with_prior": -0.1963904602274292,
    "num_effective_alignments": 2219.200439453125,
    "alpha_mask": 1,
    "beta_mask": 1,
    "profile_mask": 1,
    "psi_angles": 179.9999542236328,
    "non_gapped_profile": 1.0,
    "alpha_positions": 842.093994140625,
    "num_alignments": 3776,
    "profile_with_prior_without_gaps": 0.825812816619873,
    "solv_surf_mask": 1,
    "position_std": 265.1993713378906,
    "pseudo_frob": 2.250147581100464,
    "profile_with_prior": 0.8216913342475891,
    "sec_structure": 1,
    "hmm_profile": 1.0,
    "phi_mask": 1,
    "phi_angles": 179.99932861328125,
    "hhblits_profile": 1.0,
    "mutual_information": 2.8454842567443848,
    "deletion_matrix": 1740.0,
    "log_profile_with_prior_without_gaps": -0.19138714540370552,
    "secstruct_boundaries_mask": 1,
    "neff_mask": 0,
    "deletion_probability": 0.998587570621469,
    "hhblits_profile_mask": 1,
    "reweighted_profile": 1.000000238418579,
    "psi_mask": 1,
    "gap_matrix": 0.9997351694915254,
    "pseudolikelihood": null,
    "target_similarity_mask": 0,
    "num_effective_alignments_mask": 0,
    "profile": 13.460000038146973,
    "omega_mask": 1
  },
  "var": {
    "beta_positions": 1658.251593124218,
    "aatype": 0.045065806470515335,
    "seq_length": 9193.3040761346,
    "neff": 4.748385975354553,
    "sec_structure_mask": 0.0,
    "pseudo_bias": 0.14013762362420476,
    "target_similarity": 0.029863466225616506,
    "resolution": 0.38953224977373796,
    "cluster_counts": 6787418.73551871,
    "omega_angles": 29691.121611265084,
    "solv_surf": 0.07284552879378786,
    "log_profile_with_prior": 3.548448352407549,
    "num_effective_alignments": 121005.21997306694,
    "alpha_mask": 0.019652288323735733,
    "beta_mask": 0.020222082075027157,
    "profile_mask": 0.04331263793693884,
    "psi_angles": 7807.760843237546,
    "non_gapped_profile": 0.009151242694372232,
    "alpha_positions": 1665.776217959813,
    "num_alignments": 224440.17224132753,
    "profile_with_prior_without_gaps": 0.004462677631312882,
    "solv_surf_mask": 0.125883307447964,
    "position_std": 3.9566028300212888,
    "pseudo_frob": 0.002232690334125457,
    "profile_with_prior": 0.006201321851964716,
    "sec_structure": 0.10874159367768643,
    "hmm_profile": 0.07365242321053303,
    "phi_mask": 0.024476283427778425,
    "phi_angles": 2649.2367948442898,
    "hhblits_profile": 0.011612795031927605,
    "mutual_information": 0.022858714265981805,
    "deletion_matrix": 2.213230338655854,
    "log_profile_with_prior_without_gaps": 3.1409574559177154,
    "secstruct_boundaries_mask": 0.12632871934656587,
    "neff_mask": 0.0,
    "deletion_probability": 0.002279265773168153,
    "hhblits_profile_mask": 0.0,
    "reweighted_profile": 0.010788093279016878,
    "psi_mask": 0.024480947899789093,
    "gap_matrix": 0.031927865859569804,
    "pseudolikelihood": 0.00021152038673038617,
    "target_similarity_mask": 0.0,
    "num_effective_alignments_mask": 0.0,
    "profile": 7.770965273124206,
    "omega_mask": 0.025935715908784004
  }
}
